CUSTOMER_ID,FIRST_NAME,LAST_NAME
1,Emma,Smith
2,Olivia,Johnson
3,Ava,Williams
4,Isabella,Brown
5,Sophia,Jones
6,Mia,Garcia
7,Charlotte,Miller
8,Amelia,Davis
9,Harper,Rodriguez
10,Evelyn,Martinez
11,Abigail,Hernandez
12,Emily,Lopez
13,Ella,Gonzalez
14,Elizabeth,Wilson
15,Camila,Anderson
16,Luna,Thomas
17,Sofia,Taylor
18,Avery,Moore
19,Mila,Jackson
20,Aria,Martin
21,Scarlett,Lee
22,Victoria,Perez
23,Madison,Thompson
24,Lily,White
25,Grace,Harris
26,Chloe,Sanchez
27,Penelope,Clark
28,Layla,Ramirez
29,Riley,Lewis
30,Zoey,Robinson
31,Nora,Walker
32,Lillian,Young
33,Eleanor,Allen
34,Hannah,King
35,Addison,Wright
36,Aubrey,Scott
37,Ellie,Torres
38,Stella,Nguyen
39,Natalie,Hill
40,Zoe,Flores
41,Leah,Green
42,Hazel,Adams
43,Violet,Nelson
44,Aurora,Baker
45,Savannah,Hall
46,Audrey,Rivera
47,Brooklyn,Campbell
48,Bella,Mitchell
49,Claire,Carter
50,Skylar,Roberts
51,Lucy,Smith
52,Paisley,Johnson
53,Everly,Williams
54,Anna,Brown
55,Caroline,Jones
56,Nova,Garcia
57,Genesis,Miller
58,Emilia,Davis
59,Kennedy,Rodriguez
60,Samantha,Martinez
61,Maya,Hernandez
62,Willow,Lopez
63,Kinsley,Gonzalez
64,Naomi,Wilson
65,Aaliyah,Anderson
66,Elena,Thomas
67,Sarah,Taylor
68,Ariana,Moore
69,Allison,Jackson
70,Gabriella,Martin
71,Alice,Lee
72,Madelyn,Perez
73,Cora,Thompson
74,Ruby,White
75,Eva,Harris
76,Serenity,Sanchez
77,Autumn,Clark
78,Adeline,Ramirez
79,Hailey,Lewis
80,Gianna,Robinson
81,Valentina,Walker
82,Isla,Young
83,Eliana,Allen
84,Quinn,King
85,Nevaeh,Wright
86,Ivy,Scott
87,Sadie,Torres
88,Piper,Nguyen
89,Lydia,Hill
90,Alexa,Flores
91,Josephine,Green
92,Emery,Adams
93,Julia,Nelson
94,Delilah,Baker
95,Arianna,Hall
96,Vivian,Rivera
97,Kaylee,Campbell
98,Sophie,Mitchell
99,Brielle,Carter
100,Madeline,Roberts
